N,T,malla,n_pmc,m,m_err,e_enunciado,e_enunciado_err,e_por_spin,e_por_spin_err,c,c_err,chi,chi_err,binder,binder_err
16,1.5,grueso,1000000,0.986375,0.000186920166015625,-15.6058375,0.00579833984375,-1.9507296875,0.00072479248046875,0.2959666295833661,0.00453997837744366,0.027529833333327737,0.000783620033468603,0.6664500935461544,5.872113805628559e-06
16,1.6,grueso,1000000,0.97976953125,0.00016755108505862155,-15.4278625,0.0042587091477414565,-1.9284828125,0.0005323386434676821,0.42175998398434444,0.007257727414596699,0.04203896240234428,0.0009666722907037164,0.6663097921370946,7.81901890267205e-06
16,1.7,grueso,1000000,0.9700453125,0.00029504727029748475,-15.1848375,0.005481708024874037,-1.8981046875,0.0006852135031092546,0.6068362613970133,0.010168576949613164,0.07048630845586705,0.001110144468798788,0.6660234963821342,1.0143462292342237e-05
16,1.8,grueso,1000000,0.95627890625,0.00029223294067404974,-14.8640875,0.0068345446908532,-1.8580109375,0.00085431808635665,0.8177041218750168,0.01736425234750718,0.12074588810763645,0.00338373519052313,0.6654910746810632,3.0319365144521853e-05
16,1.9,grueso,1000000,0.938121875,0.0005817413330078125,-14.473775,0.011688232421875,-1.809221875,0.001461029052734375,1.077098156578969,0.01973571868146228,0.2002126960526371,0.006546436786637492,0.664587457035746,5.413319067197023e-05
16,2.0,grueso,3000000,0.9109994791666667,0.0005859879237737526,-13.960195833333334,0.006762360274932306,-1.7450244791666667,0.0008452950343665383,1.4619218816319517,0.011039293034996608,0.39075169579859903,0.008868935099645698,0.6624142675851745,6.584482513116054e-05
16,2.026086956521739,grueso,3000000,0.9030052083333333,0.000664564883158366,-13.815675,0.0112354986011798,-1.726959375,0.001404437325147475,1.5451465861766585,0.017104643433055493,0.4562990407427291,0.01098595798437426,0.6616998560746838,8.016898628728961e-05
16,2.0521739130434784,grueso,3000000,0.8915309895833333,0.0007691256407843365,-13.634,0.010689283636463973,-1.70425,0.0013361604545579966,1.7118944668078795,0.014175918804369494,0.6016743433884284,0.02200162755219955,0.6601633580575483,0.00013552774467302158
16,2.0782608695652174,grueso,3000000,0.8799973958333334,0.0005030257114142591,-13.4586,0.00885995921988209,-1.682325,0.0011074949024852613,1.8904400072524254,0.016204198774601955,0.752342990796437,0.0141547196592098,0.6584734870069817,8.886237580746389e-05
16,2.1043478260869564,grueso,3000000,0.86624375,0.0005633367083307198,-13.264304166666667,0.007974382923145805,-1.6580380208333334,0.0009967978653932256,2.0475367363305788,0.020038033782773076,1.0045165405303098,0.021271998042870617,0.6561231966313985,0.00016935856214474296
16,2.130434782608696,grueso,3000000,0.8487427083333333,0.0008692105907629964,-13.038983333333332,0.009882624755888778,-1.6298729166666666,0.0012353280944860973,2.2637829947165886,0.018556323965196433,1.3116302053458162,0.026150406605835886,0.6526078632102383,0.00019282996921790458
16,2.1565217391304348,grueso,3000000,0.8326520833333333,0.0007329023221058012,-12.826225,0.008491066132575767,-1.603278125,0.0010613832665719708,2.4493476702116665,0.022147242097689954,1.568723209464607,0.024361855634905616,0.6494661806114864,0.00021575104828797575
16,2.1826086956521737,grueso,3000000,0.8109276041666666,0.0010005714684858944,-12.582854166666667,0.008717458004712292,-1.5728567708333334,0.0010896822505890365,2.6807776751673873,0.025624570146121368,2.0602603055790736,0.05239469901875121,0.6438823222609589,0.00043069994825900375
16,2.208695652173913,grueso,3000000,0.78416640625,0.0009654921325595688,-12.299679166666667,0.010625421361421928,-1.5374598958333334,0.001328177670177741,2.965947722048561,0.025732321838340618,2.6465559742648876,0.04204976016820404,0.636141296877047,0.00039532776687738793
16,2.234782608695652,grueso,3000000,0.7562807291666667,0.0010636509816680025,-12.029016666666667,0.008829380332011316,-1.5036270833333334,0.0011036725415014144,3.17220025696061,0.02456717238990192,3.273076269910566,0.04319531340127983,0.6270811945470401,0.0004868172194087697
16,2.2608695652173916,grueso,3000000,0.7257557291666666,0.0011748618302516846,-11.72825,0.008490535237064376,-1.46603125,0.001061316904633047,3.313704469551315,0.024623141347489157,3.8310444094244147,0.04737472427320993,0.6165390525165979,0.0005471630851174502
16,2.2869565217391306,grueso,3000000,0.6895408854166667,0.0015860877821428738,-11.411675,0.010687946931156145,-1.426459375,0.0013359933663945182,3.4799684071450963,0.032386054044967125,4.537958327693607,0.05485352371445091,0.6016588169021795,0.00079639202947695
16,2.3130434782608695,grueso,3000000,0.6491932291666667,0.0019547878667112166,-11.083125,0.011874013002196818,-1.385390625,0.0014842516252746023,3.634950452302579,0.02146990259980078,5.19778592415544,0.07792683583276587,0.5823322597914983,0.0013231256202609284
16,2.339130434782609,grueso,3000000,0.6082692708333334,0.0014915158712256605,-10.752879166666666,0.01501279094064559,-1.3441098958333333,0.0018765988675806988,3.6057942584895257,0.02509071090325552,5.645536556475881,0.05128120790111588,0.5612629659307558,0.0011522904277662866
16,2.365217391304348,grueso,3000000,0.5693091145833333,0.0017338902452865036,-10.45175,0.008723873641598252,-1.30646875,0.0010904842051997815,3.5418961688112485,0.027612061515187452,6.012624323744192,0.04035420270362413,0.5373784245310489,0.0014144146241750707
16,2.391304347826087,grueso,3000000,0.5294302083333333,0.0016068792804899985,-10.1395125,0.00923236910307088,-1.2674390625,0.00115404613788386,3.4410549373143797,0.025191849714018066,6.027113901732322,0.032540728114940624,0.5105610827234788,0.0013426095032491663
16,2.4173913043478263,grueso,3000000,0.49031796875,0.0020582682994988903,-9.847829166666667,0.014810571727161423,-1.2309786458333334,0.0018513214658951779,3.2371617092038742,0.021513634556136856,6.036298434707544,0.03257437152614677,0.4803571090951376,0.0017904934505547946
16,2.4434782608695653,grueso,3000000,0.45649661458333335,0.0015270497033053638,-9.570291666666666,0.00873429237007156,-1.1962864583333332,0.001091786546258945,3.0830090096134937,0.02755088283509531,5.8756447272245085,0.031205716010353993,0.4512149030147272,0.0015711324651000555
16,2.4695652173913043,grueso,3000000,0.424140625,0.0014553185343476915,-9.321995833333334,0.007911973939712642,-1.1652494791666668,0.0009889967424640802,2.8928851252652934,0.022268481070396546,5.588945798488851,0.027650237306219495,0.42014364919208247,0.0016061817171272323
16,2.4956521739130437,grueso,3000000,0.393546875,0.0016220500538019981,-9.0979375,0.007547307158470081,-1.1372421875,0.0009434133948087602,2.68941460320483,0.021152578150662477,5.262890294352494,0.03152969487571402,0.3880493001713221,0.0023639592254668168
16,2.5217391304347827,grueso,3000000,0.36695338541666667,0.001930129174274715,-8.8718875,0.009426276387885686,-1.1089859375,0.0011782845484857108,2.4800711635452664,0.020262274469323147,4.924134782500299,0.014486311591350803,0.35781813420142794,0.001976611250199744
16,2.5478260869565217,grueso,3000000,0.34428567708333335,0.001793885161851683,-8.669520833333333,0.007128033342379974,-1.0836901041666667,0.0008910041677974967,2.3872241631411075,0.020576938935366683,4.577653326244609,0.025726295652444876,0.32891093147992145,0.003407373314891322
16,2.573913043478261,grueso,3000000,0.32276484375,0.001725783610589285,-8.4814375,0.009708431770971018,-1.0601796875,0.0012135539713713772,2.180044374560104,0.01817219314377742,4.1587743092368745,0.025466590707431354,0.305289239634458,0.00313622283555642
16,2.6,grueso,3000000,0.3025421875,0.0013390809963256282,-8.300429166666667,0.00914210939614891,-1.0375536458333334,0.0011427636745186137,2.0937758384348206,0.01721703978856523,3.864909023477562,0.02919344362860356,0.27290922355976255,0.003219937902498684
16,2.7,grueso,1000000,0.2517375,0.0036411285400390625,-7.7428,0.015546322466106871,-0.96785,0.001943290308263359,1.7037750518518475,0.027449198424300856,2.8208815870370363,0.04431821412097124,0.20709573146260762,0.008515518359481226
16,2.8000000000000003,grueso,1000000,0.21941484375,0.0024862289428710938,-7.296725,0.026763916015625,-0.912090625,0.003345489501953125,1.4994703919642862,0.0302891194591027,2.17270344860491,0.031005799363805923,0.1602629714365209,0.008073694454865084
16,2.9,grueso,1000000,0.19066484375,0.001615064844054759,-6.8812625,0.03660583496093749,-0.8601578125,0.004575729370117187,1.3354566808189656,0.0348890882975091,1.7026432865840517,0.021583451990557712,0.09895724643903547,0.012395708829869742
16,3.0,grueso,1000000,0.17468984375,0.001351730942033397,-6.556925,0.01287841796875,-0.819615625,0.00160980224609375,1.2031668925000076,0.019282890327808354,1.381870228697917,0.02072954018719355,0.10714153355811995,0.011593043755578403
16,3.1,grueso,1000000,0.156065625,0.002454748304339735,-6.2284,0.010871036959327335,-0.77855,0.001358879619915917,1.1266036322580653,0.01686824467877465,1.1099054588709674,0.013720379757988987,0.05780441923770163,0.01179022960002675
16,3.2,grueso,1000000,0.14606640625,0.001300034674665431,-5.9478625,0.010228897641189533,-0.7434828125,0.0012786122051486916,1.0200298357421822,0.015616544258108902,0.9062899792480467,0.012494086511155427,0.076266262048444,0.013727150489197341
16,3.3,grueso,1000000,0.13999765625,0.001104748689448413,-5.715875,0.010619002719138905,-0.714484375,0.0013273753398923632,0.9729634659091021,0.013562045309565363,0.8300542230587121,0.012386851439487366,0.0527242571071278,0.012745069935526546
16,3.4,grueso,1000000,0.12971171875,0.0010328292846679688,-5.47915,0.008854782943025583,-0.68489375,0.001106847867878198,0.9223451794117712,0.01415059505724738,0.6825614448069852,0.00935694387616102,0.05655904510976728,0.015135613669905831
16,3.5,grueso,1000000,0.12352265625,0.0010116411287307671,-5.2814625,0.009780387395409972,-0.6601828125,0.0012225484244262465,0.8571561983928575,0.012531543748714883,0.6095336660267857,0.007314925797094055,0.05113336809117697,0.013260436101477825
32,1.5,grueso,1000000,0.9865625,8.106231689453125e-05,-31.22043125,0.0038528442382812496,-1.951276953125,0.0002408027648925781,0.2942174623955604,0.004444513395340467,0.02668697916669771,0.0004541061484849274,0.6666133663992815,9.009375066734353e-07
32,1.6,grueso,1000000,0.979583203125,8.860361769752292e-05,-30.8517375,0.004668790513492256,-1.92823359375,0.000291799407093266,0.41367057773470606,0.0027089249388617814,0.04262555771475718,0.0004513971809971073,0.6665746452731384,9.792930674210605e-07
32,1.7,grueso,1000000,0.9700654296875,0.00015109061472480466,-30.36708125,0.007310605840253652,-1.897942578125,0.00045691286501585324,0.5897798447612705,0.005126067234276367,0.06878193416823439,0.0009829892401851913,0.6665061397578895,2.229322204019438e-06
32,1.8,grueso,1000000,0.9569623046875,0.0001568929727920608,-29.7508875,0.006483529428185998,-1.85943046875,0.0004052205892616249,0.7977169996527461,0.011328545465764273,0.11470497810326682,0.0021039309287771294,0.6663766202227004,5.203106999966951e-06
32,1.9,grueso,1000000,0.938253125,0.00021475979042831812,-28.95205625,0.007282311033473453,-1.809503515625,0.0004551444395920908,1.0697356709706105,0.01674554054093289,0.19726133355262437,0.0043786971889753275,0.6661222324725168,1.1799799395514693e-05
32,2.0,grueso,3000000,0.9112181640625,0.00022383735815660225,-27.927827083333334,0.006625598327776072,-1.7454891927083334,0.0004140998954860045,1.4660454214495076,0.01460311269803272,0.3892729628450411,0.006544918076711182,0.665488860563289,1.8745296633835724e-05
32,2.026086956521739,grueso,3000000,0.9021465494791666,0.00019464188363668708,-27.616554166666667,0.005516263290314598,-1.7260346354166667,0.0003447664556446624,1.580657254758246,0.013012237168387028,0.4789933525439821,0.010033484197751685,0.6651857454117536,2.5956996751365622e-05
32,2.0521739130434784,grueso,3000000,0.8917612630208334,0.00020372588681603565,-27.277214583333333,0.005546716780318918,-1.7048259114583333,0.0003466697987699324,1.6999054057472969,0.013634882258442265,0.5812716410841218,0.009122760999276789,0.6648139689340814,2.468535117171003e-05
32,2.0782608695652174,grueso,3000000,0.87998125,0.00026704275787719974,-26.918585416666666,0.007299903058575379,-1.6824115885416666,0.0004562439411609612,1.85149734151887,0.017471153006072382,0.7520315204671878,0.011158948800887252,0.6642166178556448,3.242322593989786e-05
32,2.1043478260869564,grueso,3000000,0.865514453125,0.00042340443161981986,-26.5147375,0.006255281254794708,-1.65717109375,0.0003909550784246692,2.0325947924027896,0.020131328713242868,1.121198958181608,0.10398708643264637,0.6631926792214351,0.00014254192142001412
32,2.130434782608696,grueso,3000000,0.8499564453125,0.000682332161044481,-26.105320833333334,0.006604533548017523,-1.6315825520833334,0.0004127833467510952,2.266009913878879,0.01956107397544671,1.4772645797988007,0.07939426179337128,0.6619330365999663,0.00011224262680573236
32,2.1565217391304348,grueso,3000000,0.8311412109375,0.000464018212098627,-25.6430125,0.011989593168717111,-1.60268828125,0.0007493495730448195,2.491525675449322,0.022310546334364852,1.9245875962961152,0.06200497900659081,0.6601520256226733,0.0001198364243082168
32,2.1826086956521737,grueso,3000000,0.8057684895833334,0.0007053718622746579,-25.124491666666668,0.010617256083647842,-1.5702807291666667,0.0006635785052279901,2.844917500370663,0.025914093389809253,3.172916758766341,0.10542288181614931,0.6562571557225907,0.00021161052030537194
32,2.208695652173913,grueso,3000000,0.7742145182291666,0.0012391200018193225,-24.546804166666668,0.010446832298682434,-1.5341752604166667,0.0006529270186676521,3.181149289633858,0.02734118127267941,4.930690252216674,0.1472210316626727,0.650340758482578,0.0002970356912906919
32,2.234782608695652,grueso,3000000,0.7304934244791667,0.0030657052445248823,-23.898808333333335,0.025237629779653464,-1.4936755208333334,0.0015773518612283415,3.6761668283775144,0.044778095404181525,8.343180794208084,0.3551256936285997,0.6383473536106168,0.0009110913445883514
32,2.2608695652173916,grueso,3000000,0.67481953125,0.0017538167647254306,-23.169783333333335,0.019432598722991967,-1.4481114583333334,0.001214537420186998,4.059502626078859,0.03223475269395995,12.246256600925458,0.2694663218017629,0.619660315658823,0.0008835640610360718
32,2.2869565217391306,grueso,3000000,0.6039142578125,0.0022976332797188777,-22.39630625,0.018957044741920108,-1.399769140625,0.0011848152963700067,4.374248417311317,0.034688197688663096,17.324924864843535,0.2552643655544132,0.5863861843615499,0.0013772901601978272
32,2.3130434782608695,grueso,3000000,0.5317880859375,0.0022792140277812026,-21.623539583333333,0.015572694021792198,-1.3514712239583333,0.0009732933763620124,4.295990055796132,0.03311915165319991,19.77246156853925,0.2275161762085429,0.5464207716806745,0.001916038758205905
32,2.339130434782609,grueso,3000000,0.45397408854166665,0.0021667139501900462,-20.858314583333332,0.012037371706811788,-1.3036446614583332,0.0007523357316757367,4.041457964212016,0.0316059333836661,20.587426460804227,0.1629459715483341,0.48811228953830854,0.0027341469217141874
32,2.365217391304348,grueso,3000000,0.3850537760416667,0.004050373849208138,-20.17383125,0.01871936190535655,-1.260864453125,0.0011699601190847844,3.635179003081992,0.031474109160826276,19.262639996461704,0.16334506644835642,0.4201890333358712,0.0033298252563530827
32,2.391304347826087,grueso,3000000,0.3309664713541667,0.0028068289653729954,-19.588291666666667,0.011520822464066742,-1.2242682291666667,0.0007200514040041714,3.2223473039140984,0.024751858842596203,16.931348547303102,0.10646516202467751,0.35558556227439275,0.0031534127164479274
32,2.4173913043478263,grueso,3000000,0.2869404296875,0.0014921634586938448,-19.051322916666667,0.009994265554463005,-1.1907076822916667,0.0006246415971539378,2.869970378642421,0.020136861274036508,14.182614935194422,0.09561231009241518,0.297390594776371,0.003160967199445502
32,2.4434782608695653,grueso,3000000,0.249987890625,0.0013034797765268363,-18.59736875,0.0078580286285997,-1.162335546875,0.0004911267892874812,2.5980517759961828,0.02007669159115932,11.870881013392465,0.10572390586049454,0.23097078151364314,0.002130158118215158
32,2.4695652173913043,grueso,3000000,0.22528274739583334,0.0017289220295583312,-18.166095833333333,0.012455089063029614,-1.1353809895833333,0.0007784430664393508,2.3951608755293674,0.02181949794032826,9.977302451956868,0.07671862845540861,0.20215902751771042,0.004587885856833036
32,2.4956521739130437,grueso,3000000,0.205026953125,0.0010655410478627807,-17.77311041666667,0.008134947356287961,-1.1108194010416668,0.0005084342097679976,2.247983114677896,0.018356479482602106,8.535608672592735,0.06549338302850759,0.16490421020576795,0.0047437287990920556
32,2.5217391304347827,grueso,3000000,0.18764817708333334,0.0008844791272541516,-17.420141666666666,0.012123487480062627,-1.0887588541666666,0.0007577179675039142,2.1155071865565365,0.01570810288072787,7.33401684296815,0.060182869275592014,0.13678600159085408,0.005141484836978943
32,2.5478260869565217,grueso,3000000,0.17253053385416667,0.0009734725047830179,-17.074191666666668,0.00785139912348511,-1.0671369791666667,0.0004907124452178193,2.0105886854995214,0.01139483239288608,6.19601981718224,0.051147506018148874,0.1154453680294778,0.006000021377362003
32,2.573913043478261,grueso,3000000,0.1603533203125,0.0008558282007492556,-16.754216666666668,0.008845678227189001,-1.0471385416666668,0.0005528548891993126,1.8847351957675653,0.014866047414787725,5.3482035522265186,0.048635759419590745,0.10788353221057079,0.005121284298873187
32,2.6,grueso,3000000,0.151440625,0.0006752853726535052,-16.45414583333333,0.0064565597921239885,-1.0283841145833332,0.0004035349870077493,1.8471217942040905,0.015359171945833965,4.848055167628207,0.039101521592426795,0.08234019747957566,0.006890261745915884
32,2.7,grueso,1000000,0.123730078125,0.0012188326750325244,-15.41888125,0.01527247552123831,-0.963680078125,0.0009545297200773944,1.582522891145867,0.01758091195564524,3.1240680554976845,0.05919895162543942,0.058400902067295424,0.014310875076484231
32,2.8000000000000003,grueso,1000000,0.1050427734375,0.0008232107053243514,-14.52746875,0.015711156295163068,-0.907966796875,0.0009819472684476918,1.4411871637834597,0.021917376330495793,2.2844619592494415,0.032770017585179875,0.03970764588481124,0.016168839877781026
32,2.9,grueso,1000000,0.0937931640625,0.000933378262878935,-13.76283125,0.011005001024715966,-0.860176953125,0.0006878125640447479,1.3066559908943889,0.02083240796003875,1.7434140781115297,0.029552629362184245,0.026661287867400185,0.012969763046600325
32,3.0,grueso,1000000,0.085265625,0.001259326934814453,-13.09351875,0.012188297071623696,-0.818344921875,0.000761768566976481,1.194306178697957,0.0213841979911936,1.3773276875000002,0.03952035001733287,0.0323520915713047,0.01366569208785349
32,3.1,grueso,1000000,0.078095703125,0.0007257461547851562,-12.47655625,0.0197296142578125,-0.779784765625,0.0012331008911132812,1.1222600805947716,0.01802246452434177,1.153447801159274,0.016873690497019696,-0.006172426064688041,0.01595220371549374
32,3.2,grueso,1000000,0.072941796875,0.0005472476955106807,-11.908725,0.0103302001953125,-0.7442953125,0.0006456375122070312,1.0639601164062285,0.00916260639045954,0.9462391913574217,0.014147022342431852,0.03320051877404506,0.016403162230463633
32,3.3,grueso,1000000,0.068677734375,0.0005821193414102326,-11.41838125,0.008979586973443168,-0.713648828125,0.000561224185840198,0.9706776760890534,0.014911739851131053,0.8191167507102277,0.009658781403759926,0.028918172612925508,0.015261995683077319
32,3.4,grueso,1000000,0.0652232421875,0.0005181223938464541,-10.98230625,0.012332500329217727,-0.686394140625,0.000770781270576108,0.923658797748133,0.013852404534565481,0.722490151091452,0.01127642522904339,0.008991248122703355,0.017443947909818455
32,3.5,grueso,1000000,0.0617265625,0.0008955001831054688,-10.55105,0.011138916015624998,-0.659440625,0.0006961822509765624,0.851521597142859,0.013142501755126969,0.6289932857142856,0.00960576234890842,0.029483474893018724,0.013336923070252332
64,1.5,grueso,1000000,0.98650615234375,4.204475654647098e-05,-62.436665625,0.004501486450890845,-1.95114580078125,0.00014067145159033892,0.293748924764562,0.005405668117096039,0.02681254351531,0.0005334789547429156,0.6666532296587662,2.6728618637648946e-07
64,1.6,grueso,1000000,0.979646875,5.103061621820288e-05,-61.704759375,0.006253995385126477,-1.92827373046875,0.0001954373557852024,0.42076187673274035,0.005117452120956442,0.04292409531217345,0.0004308009612694061,0.6666434082521873,2.3340709975068682e-07
64,1.7,grueso,1000000,0.9701171875,7.640804014779845e-05,-60.744034375,0.0072058194174570035,-1.89825107421875,0.00022518185679553136,0.5755874475878099,0.007875291510385907,0.06925896139712089,0.0011789859139157363,0.666626024542627,6.901084592268299e-07
64,1.8,grueso,1000000,0.95690576171875,7.753144443593929e-05,-59.49901875,0.0060943536975988115,-1.8593443359375,0.00019044855304996286,0.7951341450522401,0.011389485325423084,0.11302200032559995,0.001826206914731862,0.6665945382335631,1.1719563195984199e-06
64,1.9,grueso,1000000,0.9382775390625,0.00016419905529983534,-57.901153125,0.010879264024296686,-1.80941103515625,0.00033997700075927143,1.0779311233349482,0.019007751099219067,0.19804557064138573,0.003329996276451875,0.6665281740532917,2.32828187623212e-06
64,2.0,grueso,3000000,0.9113034993489584,0.00010338085538777196,-55.85734479166667,0.006846757941268197,-1.7455420247395834,0.00021396118566463116,1.4372133710903654,0.01076745708878612,0.38658012848873113,0.0034382985205408563,0.6663663590041926,2.6354354735218752e-06
64,2.026086956521739,grueso,3000000,0.902268896484375,8.97001843348204e-05,-55.23299791666667,0.005164155135760828,-1.7260311848958334,0.00016137984799252588,1.5660499377143486,0.01421791557607973,0.47115800850107625,0.005363744632407042,0.6662893724784216,4.185725718785044e-06
64,2.0521739130434784,grueso,3000000,0.89178037109375,0.0001045954289834204,-54.55228854166667,0.005608941354982142,-1.7047590169270834,0.00017527941734319193,1.7310735711463952,0.015008602470767135,0.5921432617990723,0.006659908366510272,0.6661762734860976,5.37325821541374e-06
64,2.0782608695652174,grueso,3000000,0.88015390625,0.0001445071244533651,-53.83835416666667,0.005779720067092963,-1.6824485677083334,0.00018061625209665508,1.849173434484899,0.015743108489284084,0.7495164500675882,0.00900032085748329,0.6660243547974541,7.409140701221318e-06
64,2.1043478260869564,grueso,3000000,0.8661637369791667,0.00015265132083090716,-53.04788958333334,0.006433862329974955,-1.6577465494791668,0.00020105819781171734,2.072556486423159,0.021405684237617507,1.0082331161846687,0.01281841066160802,0.6657688552706806,1.1008939690026368e-05
64,2.130434782608696,grueso,3000000,0.8501812174479166,0.0001822863831748704,-52.1994375,0.0069467235535957345,-1.631232421875,0.0002170851110498667,2.253592358736717,0.01811185409606344,1.354245699294264,0.01896599017270993,0.6654106567736489,1.6040637852921505e-05
64,2.1565217391304348,grueso,3000000,0.8307386393229167,0.00027085291147107627,-51.27427708333333,0.006973234277290716,-1.6023211588541666,0.00021791357116533486,2.5040418187846156,0.02174356009920831,1.993834317538191,0.04472026189904877,0.6647411421318353,3.7459062152553085e-05
64,2.1826086956521737,grueso,3000000,0.8058336100260417,0.00040803114143678996,-50.2538125,0.00985025772191654,-1.570431640625,0.00030782055380989187,2.8618935197749695,0.022564663324746752,3.271953488791076,0.1288411787157918,0.663391827641535,0.000104592957894219
64,2.208695652173913,grueso,3000000,0.77303134765625,0.0007021339868368209,-49.08943541666667,0.010060020656862564,-1.5340448567708334,0.0003143756455269551,3.25697106437882,0.033235008591506486,5.662921469408841,0.25788024898472967,0.660700022718923,0.0002035433932534971
64,2.234782608695652,grueso,3000000,0.7215006510416667,0.001636544368616406,-47.7515375,0.014891578383667474,-1.492235546875,0.00046536182448960855,3.943934565900855,0.04262040607710453,15.826430714304902,1.2151630025366438,0.6514864472104349,0.0007482001200532579
64,2.2608695652173916,grueso,3000000,0.6402389322916666,0.003366177474787887,-46.146175,0.028132990344459412,-1.44206796875,0.0008791559482643566,4.747399139085875,0.06358423315252264,36.10730672319052,1.8229190555747588,0.6277827567989405,0.0019568589606940327
64,2.2869565217391306,grueso,3000000,0.509901806640625,0.005171542791847208,-44.30605,0.03801911482063249,-1.3845640625,0.0011880973381447654,5.150860952693423,0.04072281814789665,62.76379465403511,1.492038440122134,0.561889114480655,0.0037127880549584903
64,2.3130434782608695,grueso,3000000,0.37213642578125,0.005057155919250408,-42.559379166666666,0.02528687746418199,-1.3299805989583333,0.0007902149207556872,4.533404772643831,0.03397140709730956,67.00969593791581,0.7030361223662511,0.4471340506666518,0.005778324977212458
64,2.339130434782609,grueso,3000000,0.2734755045572917,0.002957150235662407,-41.10542083333333,0.014921607097341616,-1.2845444010416667,0.0004663002217919255,3.6404744100150896,0.041510116158715644,50.39751522261316,0.5505351056546849,0.3200295043680538,0.0037359977968017283
64,2.365217391304348,grueso,3000000,0.20792452799479166,0.0037281634301665587,-39.91039375,0.013503954504641067,-1.2471998046875,0.00042199857827003335,3.161931348364499,0.028955221481739644,36.10612502324029,0.4634413323994349,0.19122160376790243,0.00717208201801833
64,2.391304347826087,grueso,3000000,0.17009021809895833,0.0013867688703208187,-38.859659375,0.008522293707646513,-1.21436435546875,0.0002663216783639535,2.7770982738188734,0.022343619369677405,24.963152000948416,0.3055380930863681,0.14188519466730387,0.009294445863776115
64,2.4173913043478263,grueso,3000000,0.14184306640625,0.0012062817908138253,-37.90624583333334,0.00980215074120502,-1.1845701822916668,0.0003063172106626569,2.5695645374033367,0.02098843699792046,18.017862874863937,0.17704850764283045,0.1008797174078987,0.00731248596643386
64,2.4434782608695653,grueso,3000000,0.12482809244791666,0.0008758066165449406,-37.07544375,0.007425146588862282,-1.1586076171875,0.00023203583090194632,2.4313986239355256,0.018907738275348085,14.008323936006159,0.17426904457339282,0.08217958677040393,0.008168688637904464
64,2.4695652173913043,grueso,3000000,0.11043797200520833,0.0007278634390064508,-36.269227083333334,0.00905822288733032,-1.1334133463541667,0.0002830694652290725,2.2898063939189988,0.022567517585824565,11.105280071781493,0.1160353348406095,0.05383822020904938,0.007489593926806692
64,2.4956521739130437,grueso,3000000,0.10138792317708334,0.0006182494453802118,-35.513926041666664,0.007339117963688186,-1.1098101888020833,0.0002293474363652558,2.162385844365572,0.0174371426083582,9.289586676580718,0.09107465773791226,0.05341337561819648,0.007886168957736557
64,2.5217391304347827,grueso,3000000,0.092320166015625,0.000581916053759357,-34.811652083333335,0.006904195395355926,-1.0878641276041667,0.0002157561061048727,2.082505006307311,0.017021650787750586,7.79333836082632,0.07297817622885976,0.028372403713384564,0.010439531930002285
64,2.5478260869565217,grueso,3000000,0.08561886393229166,0.0008547345106685812,-34.137644791666666,0.0066373012523627825,-1.0668013997395833,0.00020741566413633695,1.9887177336356587,0.017233568717400383,6.698555104763511,0.050132928874825206,0.01738825221250173,0.007484711285519425
64,2.573913043478261,grueso,3000000,0.08009025065104167,0.00040499887325441203,-33.508471875,0.008156354730285876,-1.04713974609375,0.00025488608532143363,1.9238355576637662,0.01132377739944551,5.764443932050182,0.05062896892046186,0.021697505614171497,0.008903633462066384
64,2.6,grueso,3000000,0.074977294921875,0.0003283491185260982,-32.914510416666666,0.00984399224982211,-1.0285784505208333,0.00030762475780694095,1.8557164381344102,0.01362353844668008,4.945317634872042,0.053305310778212114,0.02553373660220204,0.008624767409095275
64,2.7,grueso,1000000,0.061786669921875,0.0006448626518249512,-30.838046875,0.010907866076494908,-0.96368896484375,0.0003408708148904659,1.6256128381800643,0.02339520245290954,3.2461776154477713,0.04881431853574619,0.022043670962590522,0.012778305413791395
64,2.8000000000000003,grueso,1000000,0.0531849609375,0.0009056925773620605,-29.0604375,0.01187292400332003,-0.908138671875,0.00037102887510375094,1.4527528515624712,0.02127985449624697,2.3324450474888394,0.03431207502223491,0.031390922747738026,0.007943737180376224
64,2.9,grueso,1000000,0.0469849609375,0.0007251501083374022,-27.520703125,0.010619983202672286,-0.86002197265625,0.00033187447508350895,1.3444571575294912,0.020945529746448498,1.758749557165948,0.026071521965846656,0.030705077468622943,0.013139680401917936
64,3.0,grueso,1000000,0.042802392578125,0.0005180835723876953,-26.15,0.010551502593327572,-0.8171875,0.0003297344560414866,1.2190424479167632,0.016423182379455586,1.4295990310904947,0.021204203734356167,0.00982347486911006,0.014833130454644428
64,3.1,grueso,1000000,0.03896416015625,0.0003044780730217062,-24.925309375,0.009767110083273956,-0.77891591796875,0.00030522219010231113,1.1303134097655738,0.014705043545150634,1.162015069947077,0.018575138729947236,-0.018453267106369076,0.01913357870241224
64,3.2,grueso,1000000,0.036300927734375,0.000296373801754236,-23.854890625,0.015618475033399625,-0.74546533203125,0.0004880773447937383,1.0430212496947888,0.019398483775061037,0.9516893180877684,0.011511377000695426,0.01245417366924928,0.016078620808017974
64,3.3,grueso,1000000,0.033686328125,0.000259562375739305,-22.85921875,0.015522003173828125,-0.7143505859375,0.0004850625991821289,0.9713515329072339,0.013639375975530789,0.812332531912879,0.011625468611891596,-0.008445419376283514,0.01609036637772992
64,3.4,grueso,1000000,0.032164892578125,0.0005113482475280762,-21.9589125,0.01355021350117865,-0.686216015625,0.00042344417191183284,0.9146324689338063,0.011771845043385909,0.7029768348776425,0.012883062338869477,0.016638106671852504,0.016166534451846876
64,3.5,grueso,1000000,0.0305564453125,0.00025957822799682617,-21.124225,0.013553619384765623,-0.66013203125,0.0004235506057739257,0.8831410546428872,0.012240306628284075,0.6266578861160713,0.015009772165497131,-0.005100847881053028,0.018125566164699205
128,1.5,grueso,1000000,0.9865209838867187,1.5775618145879038e-05,-124.876525,0.0034090314066479548,-1.951195703125,5.326611572887429e-05,0.2892259597914138,0.00309962433989322,0.026541897134544946,0.00027686987443644736,0.666663338346115,3.467170192224054e-08
128,1.6,grueso,1000000,0.9796555419921875,5.151331424713134e-05,-123.4133140625,0.008451461791992188,-1.9283330322265626,0.00013205409049987793,0.4155672031129143,0.004710831645414989,0.04264398510144929,0.0005248766969116354,0.6666608833510673,7.097194087214161e-08
128,1.7,grueso,1000000,0.9701111450195312,4.081428050994873e-05,-121.4910265625,0.009433746337890623,-1.8982972900390624,0.000147402286529541,0.5799801697567626,0.003371960593012233,0.06903588145552716,0.0004996436438948547,0.6666565228249954,7.34628143626588e-08
128,1.8,grueso,1000000,0.9568962158203125,3.5023399252252705e-05,-119.0020109375,0.006029535217662381,-1.8594064208984376,9.42114877759747e-05,0.7902582119721855,0.011038185571063737,0.11146727451786219,0.00157754446141479,0.6666488481035183,2.52035885477403e-07
128,1.9,grueso,1000000,0.9382725341796875,0.00010436773300170898,-115.8025609375,0.019634246826171875,-1.8094150146484376,0.00030678510665893555,1.0571526916043552,0.017477764081897492,0.19745433568555437,0.0026324387138285193,0.6666320341765581,4.654329052507482e-07
128,2.0,grueso,3000000,0.9112982747395834,4.1460670685238506e-05,-111.71218489583333,0.0049779704198930925,-1.7455028889973958,7.778078781082957e-05,1.4719374804553809,0.012280291865921517,0.3869086153299577,0.0032209591188700226,0.6665910208918886,6.267183147453128e-07
128,2.026086956521739,grueso,3000000,0.9022238810221355,4.518571172126332e-05,-110.4676796875,0.0058827209508910865,-1.7260574951171874,9.191751485767323e-05,1.572331115705248,0.012257161564157742,0.4746570118671549,0.003908854244336817,0.6665707821380822,7.867956583315204e-07
128,2.0521739130434784,grueso,3000000,0.8918727457682292,9.329069541984161e-05,-109.11826979166666,0.006593383596374447,-1.7049729654947916,0.00010302161869335073,1.6851198450975493,0.015775841418079167,0.5839075449903325,0.0067336647835810216,0.666544502547833,1.404752237583075e-06
128,2.0782608695652174,grueso,3000000,0.8800536865234375,5.840552604181181e-05,-107.67184635416666,0.00587475718052395,-1.682372599283854,9.179308094568672e-05,1.8574552324979354,0.0167555952721941,0.751086093854359,0.007063181030289817,0.666503363974756,1.5254505634275985e-06
128,2.1043478260869564,grueso,3000000,0.8662623819986979,7.588291696470237e-05,-106.10459895833333,0.007297199981913104,-1.6578843587239582,0.00011401874971739224,2.0723250943231784,0.015487373890724273,1.0192037687819955,0.010059483147880584,0.6664357416413285,2.2490751185620863e-06
128,2.130434782608696,grueso,3000000,0.850050614420573,0.00011880769930493816,-104.4070078125,0.008245200868376424,-1.6313594970703125,0.00012883126356838162,2.294807282329165,0.014562464024702402,1.4252207650477393,0.025796885004336776,0.666328537412034,5.8415178959465425e-06
128,2.1565217391304348,grueso,3000000,0.8302920613606771,0.00015528398077835557,-102.52654322916666,0.010333024279611169,-1.601977237955729,0.00016145350436892452,2.528781414962102,0.022779720746326948,2.0257759548647503,0.03157631145160642,0.6661575880297739,7.846815526548169e-06
128,2.1826086956521737,grueso,3000000,0.8059016031901042,0.00023260822140790086,-100.4895625,0.010597176247213704,-1.5701494140625,0.00016558087886271413,2.850207678036323,0.020894415900891406,3.205004357405922,0.06376653462324841,0.665808299349839,1.636003976513186e-05
128,2.208695652173913,grueso,3000000,0.77234072265625,0.0004898184964338472,-98.17953020833333,0.010498137120815682,-1.5340551595052083,0.00016403339251274502,3.313916061811249,0.03028718808962333,6.2552564422659325,0.2884406113986285,0.6648703212086687,7.26329304493932e-05
128,2.234782608695652,grueso,3000000,0.7232635579427084,0.0012497051353143023,-95.50806354166667,0.017273386376937122,-1.4923134928385418,0.00026989666213964253,3.8946769540655657,0.03633466470603218,14.524785194730098,1.0508198853166428,0.6621024203156525,0.00026675766484320816
128,2.2608695652173916,grueso,3000000,0.6226669311523437,0.006185319601335981,-92.18142291666666,0.05535692351225214,-1.4403347330729166,0.0008649519298789397,5.055290890609914,0.08554329593138855,74.62339538858879,9.805267019968705,0.6426299330569626,0.002717373940058327
128,2.2869565217391306,grueso,3000000,0.37221092529296873,0.00997891164227202,-87.95435416666666,0.05765753908335214,-1.3742867838541666,0.0009008990481773772,5.522778215091065,0.059702271471705363,242.44300527644035,3.982438864388777,0.47554563568351627,0.013064956188900174
128,2.3130434782608695,grueso,3000000,0.20158664957682293,0.0037821964181127556,-84.53435,0.02135947180180123,-1.32084921875,0.00033374174690314423,3.9704973406607227,0.04728817380032993,131.22700948351115,2.795807084930705,0.22549279529721145,0.013986011036417901
128,2.339130434782609,grueso,3000000,0.13240518798828124,0.0017986035085524688,-81.957359375,0.01101854199314367,-1.280583740234375,0.00017216471864286984,3.279154076460236,0.027601111542673668,64.78148306835544,1.5234438805388564,0.10145286978303181,0.013658848788676355
128,2.365217391304348,grueso,3000000,0.10289536539713541,0.0011357163286698352,-79.71961770833333,0.012267285343930187,-1.2456190266927083,0.00019167633349890918,3.0175551590704184,0.022906624338506855,39.888622038188394,0.7433164906403222,0.06306775097851691,0.012521891964957062
128,2.391304347826087,grueso,3000000,0.08269755859375,0.0008377958586984912,-77.6774578125,0.013034425783516344,-1.2137102783203124,0.00020366290286744288,2.7709834951054786,0.02262179833116494,25.912712867233907,0.44266994007176097,0.030691529933222106,0.014790170283315992
128,2.4173913043478263,grueso,3000000,0.07008773600260416,0.0005425534656125954,-75.84194010416667,0.007747854783007229,-1.1850303141276042,0.00012106023098448795,2.599541762109628,0.022419694740313252,18.670849551204682,0.2632610801913759,0.02789869913716103,0.012697850406292717
128,2.4434782608695653,grueso,3000000,0.0619197998046875,0.0004624543984740293,-74.1317546875,0.0095461303183944,-1.1583086669921876,0.0001491582862249125,2.3899812666391083,0.023124088526655588,14.446201903687244,0.1530109995987365,0.015470451308853161,0.008200316075594998
128,2.4695652173913043,grueso,3000000,0.05571202799479167,0.00036307372731369755,-72.51932552083333,0.008278421600577854,-1.1331144612630208,0.00012935033750902897,2.2978625768416645,0.016133877891810762,11.712098066352223,0.1534552421078918,0.004971293082057571,0.01210525438422509
128,2.4956521739130437,grueso,3000000,0.04994951171875,0.0006531623025296538,-71.03342447916667,0.007011816586497363,-1.1098972574869792,0.0001095596341640213,2.180443298990396,0.018830464652424776,9.451761288594296,0.11708741533586674,-0.0014260641576024913,0.006480758810043136
128,2.5217391304347827,grueso,3000000,0.04618319498697917,0.00021340865406982697,-69.62061770833333,0.007632103421092597,-1.0878221516927082,0.00011925161595457183,2.086479385290031,0.013636413393481676,7.795206528528665,0.06943008942361219,0.010901233420040013,0.009522616563873137
128,2.5478260869565217,grueso,3000000,0.04280616455078125,0.00020058602265552627,-68.28663645833333,0.008126501178282853,-1.0669786946614583,0.00012697658091066958,1.9701755799709297,0.015909103923727866,6.644602295789713,0.08245282192955238,0.0210925953259532,0.01268189499725792
128,2.573913043478261,grueso,3000000,0.039374666341145836,0.00018096463070106853,-67.01853541666667,0.006475122761055048,-1.0471646158854166,0.00010117379314148512,1.9028591233057561,0.01578552996276066,5.66544046256468,0.0471410096464947,0.003664492629273819,0.007746026150130245
128,2.6,grueso,3000000,0.037449491373697914,0.0001769016288903213,-65.81272916666667,0.009317656111834372,-1.0283238932291667,0.00014558837674741207,1.8230725604287445,0.013005229229083776,5.040320312857968,0.05277725629098831,-0.007888058138595166,0.011194075439539947
128,2.7,grueso,1000000,0.03066197509765625,0.00031137805346565103,-61.66269375,0.02149200439453125,-0.96347958984375,0.0003358125686645508,1.6031368367469068,0.02264138674089138,3.1891158535508897,0.03419125081002375,0.03419743485446902,0.014266054338721405
128,2.8000000000000003,grueso,1000000,0.02653857421875,0.0002644360065460205,-58.1051296875,0.011207865595588807,-0.9078926513671876,0.0001751228999310751,1.4536986185508534,0.017308358168246333,2.364280620814732,0.02488282408318905,0.0067128075090140404,0.007350529366741142
128,2.9,grueso,1000000,0.02352958984375,0.0002792179584503174,-55.040715625,0.011527020488478352,-0.860011181640625,0.00018010969513247425,1.3277729681983053,0.016642970560748118,1.7398253031249997,0.03260032402998651,0.020250100954992134,0.020680801169088305
128,3.0,grueso,1000000,0.0212796630859375,0.00016328457249720966,-52.3000515625,0.010304053051306706,-0.8171883056640625,0.00016100082892666728,1.2142343649441802,0.019594909196293253,1.3934231340332026,0.024193836665992324,0.0025778509067221345,0.017130828196031556
128,3.1,grueso,1000000,0.01980615234375,0.00017244030308442707,-49.8742140625,0.01110096876406168,-0.7792845947265625,0.00017345263693846374,1.1311348821536447,0.015347506359097143,1.172357996471774,0.019152431624698735,0.009373965946064322,0.0161457601161712
128,3.2,grueso,1000000,0.0182127197265625,0.00014956665879951674,-47.68105,0.009141983049310696,-0.74501640625,0.00014284348514547962,1.03785101201197,0.015483674874628558,0.9680090757781984,0.015373390020432148,0.0004475048168116613,0.016195892977298114
128,3.3,grueso,1000000,0.01733226318359375,0.0001478794687884648,-45.6992390625,0.011587430986596326,-0.7140506103515625,0.0001810536091655676,0.9913496236715054,0.01523983139517345,0.8297609272305577,0.01163855099508888,0.01459071137022594,0.016286234011976708
128,3.4,grueso,1000000,0.0160811767578125,0.00012109497755690689,-43.914334375,0.010492324829101562,-0.686161474609375,0.00016394257545471191,0.9275977990690829,0.01357188292248672,0.7065613102452898,0.011391991174061467,0.002730243425193901,0.014954990978670467
128,3.5,grueso,1000000,0.015415380859375,0.00015676397621412332,-42.24343125,0.00884542697123573,-0.66005361328125,0.0001382097964255583,0.8702326070981924,0.013038954912325427,0.6334507968861609,0.00965947063064217,0.006802600111910029,0.014643450725438378
